"labID","age","error","depth"
"27312",530.8361714,245.280384702713,30
"27313",964.436251999994,236.649726041007,70
"27314",1532.561397,288.643509771981,120
"27315",2876.516119,330.867256880013,220
"27316",4056.984368,349.183436916343,270
"27317",5936.667051,308.221419590526,350
"27318",6974.73171,286.592022142044,400
