"labID","age","error","depth"
"37958",228.51519225,152.951256077453,0
"37959",595.293985000002,250.156580741209,10
"37960",1159.76147199999,256.130177568089,20
"37961",1836.282706,307.29633731035,30
"37962",2556.086589,329.303659184418,40
"37963",3325.413918,329.816430343877,50
"37964",4129.492488,348.220385151413,60
"37965",4783.828186,302.635960606829,70
"37966",5680.483883,367.140012777178,80
"37967",6436.288615,305.377070277925,90
