"labID","age","error","depth"
"29788",9906.068105,326.147692539787,30
"29789",10656.67809,372.756665549472,100
"29790",11238.99964,439.472743200484,150
"29791",12901.951065,278.658262071763,300
"29792",14282.605505,407.150911997681,450
"29793",16136.34184,398.267907359786,600
"29794",18283.28128,321.198572179544,800
"29795",19478.77132,322.26038757073,940
"29796",20537.61997,337.471210392825,1050
