"labID","age","error","depth"
"23602",917.369763999998,236.131757183965,60
"23603",1446.272792,284.342051130199,90
"23604",2069.344854,322.241325470831,120
"23605",3418.041983,335.863457245195,180
