"labID","age","error","depth"
"257456",5490.503556,397.269099684471,580
"257457",6849.58176,293.401436362727,620
"257458",7692.81957,248.130495997087,650
"257459",8533.96705,312.049890465356,680
"257460",8840.449845,313.460138090544,690
"257461",9131.742295,329.773409227679,700
"257462",9508.287305,358.616243854756,710
"257463",9701.728405,341.234991512256,715
"257464",10117.35583,356.875547460468,728
