"labID","age","error","depth"
"39586",7224.445425,276.101851865942,3
"39587",10180.75118,367.087947884625,50
"39588",11444.65392,452.724681222828,65
"39589",11801.13518,436.46522733003,69
"39590",12213.47321,386.946035435843,75
"39591",13217.754995,250.464287893304,90
"39592",13775.17194,345.775430152712,99
"39593",14573.410205,394.826430744944,110
