"labID","age","error","depth"
"39959",12827.061145,302.590997664535,180
"39960",12926.255035,271.403500294298,185
"39961",13091.18902,245.303676399934,195
"39962",13252.72545,253.996156538528,205
"39963",13425.40558,270.841107496242,215
"39964",13612.554185,304.083902124103,225
"39965",13828.55234,359.248267135429,235
"39966",14075.938795,403.836784757307,245
"39967",19961.73155,326.062239075887,365
"39968",23121.35993,336.714557254529,375
"39969",27320.09438,270.877873713062,390
