"labID","age","error","depth"
"35171",10116.892295,356.42406355736,0
"35172",10152.60714,363.075405108581,5
"35173",10187.54321,367.895053894014,10
"35174",10225.11723,373.201619686435,15
"35175",10264.4388,377.744170233276,20
"35176",10301.663375,380.840859741166,25
"35177",10342.321465,382.289537092714,30
"35178",10537.42791,379.188240768081,55
"35179",10683.865755,370.884103755208,75
