"labID","age","error","depth"
"39511",9039.40503999999,321.509906132245,103
"39512",11511.888615,452.599446535963,118
"39513",13819.1929,356.598077044408,134
"39514",16351.71768,389.616583292454,148
"39515",18618.81931,272.323193706436,163
"39516",20113.18814,326.984413515619,174
"39517",23777.6764,342.460474744488,200
"39518",25188.40635,359.445213044248,210
"39519",26501.54646,321.160890529639,220
"39520",27586.1648,222.277958980749,230
"39521",28794.7538,314.623829316433,240
