"labID","age","error","depth"
"145947",-54.7383093,24.8951322625635,0.5
"145948",-54.2466067,25.50339127908,1.5
"145949",-51.64363475,27.5033629151279,3.5
"145950",-48.85879695,28.981963638707,4.5
"145951",130.94756665,77.6983519043064,6.5
"145952",148.36117365,90.6749238093655,10.5
"145953",279.1228715,168.415423979864,14.5
"145954",407.52399385,251.741572069208,20.5
"145955",486.9679545,297.440302062065,24.5
"145956",625.3481425,366.040797901298,31.5
