"labID","age","error","depth"
"137918",-54.22345745,25.8442737123102,0
"137919",-51.57509975,27.7172148667474,3
"137920",-42.0887271000001,31.3324585536216,8
"137921",132.59737255,78.93855898995,13
"137922",133.28747575,79.3292010460367,16
"137923",137.06080785,81.5626796630607,19
"137924",158.5767749,98.6307675626522,22
"137925",201.12754905,127.776367139106,24
"137926",331.59003515,192.828945923877,34
