"labID","age","error","depth"
"28295",-7.26942604999998,10.4737611831127,1
"28296",-34.1203989,31.5707104732356,10
"28297",134.6884606,80.1901964306094,30
"28298",139.24176455,83.4220389457826,40
"28299",144.54165715,87.4010475057514,50
"28300",152.9152371,94.2417468902334,60
"28301",173.8806292,110.066761605394,70
"28302",208.2577194,129.514878162082,80
"28303",237.59280795,140.192788000223,90
"28304",263.81359555,147.938343482788,100
