"labID","age","error","depth"
"59988",5412.110117,401.650677027315,650
"59989",8144.84481,264.17544521534,720
"59990",10758.72932,370.630679301403,780.5
"59991",11830.019035,433.417085165178,800
"59992",12948.088505,264.869145933505,825
"59993",16033.777515,404.436807393436,890
