"labID","age","error","depth"
"262434",485.5718365,239.317424600564,95
"262435",499.695497899999,241.320218296348,100
"262436",528.75816825,245.213445109646,110
"262437",558.782996999998,248.088116548133,120
"262438",621.993062000004,250.514210146318,140
"262439",686.227357999999,249.290636920369,160
"262440",748.546381000001,245.854523332933,180
"262441",807.580091,241.438479240335,200
"262442",863.032002,237.949465920432,220
