"labID","age","error","depth"
"22913",-7.28032389999999,10.5033862126782,1
"22914",-36.16098675,31.6905063477772,10
"22915",-29.21530545,31.2319812366527,20
"22916",136.5474588,81.4004477831987,30
"22917",141.41760165,84.8702799241815,40
"22918",157.6448681,98.7594410273343,50
"22919",181.92896135,116.427220806199,60
"22920",210.550036,131.725805651063,70
