"labID","age","error","depth"
"140466",-5.49957955,0.407698684005636,1
"140467",-35.58179725,31.7601197354962,10
"140468",136.0679909,81.15083367366,20
"140469",149.0534674,91.8749795250567,30
"140470",171.45987255,110.090855980669,40
"140471",196.88533245,125.810472661658,50
"140472",220.85256615,137.376255039518,60
"140473",245.6385916,146.69698744105,70
