"labID","age","error","depth"
"47511",1343.171412,277.325630181261,100
"47513",8057.84911,254.829039769906,360
