"labID","age","error","depth"
"144383",-45.42396805,30.7790813892341,0.5
"144384",142.11419485,85.756132474958,14.5
