"labID","age","error","depth"
"156055",14217.51892,409.83156668803,0
"156056",14263.59392,408.194280596366,1
"156057",14302.705,406.177197852124,2
"156058",14345.138715,403.351181199877,3
