"labID","age","error","depth"
"61053",25370.77981,324.502859923002,197
"61054",26256.98264,294.470762982967,207
"61055",26830.4739,292.04095176319,215
"61056",27531.7811,209.325133464071,224
"61057",28522.48484,321.955675871212,237
