"labID","age","error","depth"
"47500",1752.524459,301.270082572798,70
"47501",14320.89845,404.848820475214,380
