"labID","age","error","depth"
"62003",14701.715205,414.469584507343,545
"62004",14712.074355,417.467256267172,555
"62005",14724.355785,419.921582258125,565
"62006",14731.81931,421.616863896193,570
"62007",14737.54148,422.954200440072,575
"62008",14751.912045,426.40190639522,585
"62009",14765.210845,429.469717749339,595
"62010",14778.925705,433.6568356702,605
