"labID","age","error","depth"
"37253",2124.874687,323.925151791512,125
"37254",3668.294031,345.5385455657,150
"37255",4803.238856,303.997049795062,170
"37256",6751.81631,298.077630606936,200
"37257",9393.64969,356.572108424917,250
