"labID","age","error","depth"
"46046",767.738724000002,244.651651049579,5
"46047",807.715998999998,241.399295028079,10
"46048",1176.351829,258.377418003675,60
"46049",1543.205565,289.272595996698,100
"46050",1826.957107,306.857706813503,130
"46051",2515.398388,327.786227863231,200
"46052",2860.938046,331.135954309889,230
"46053",3339.082264,330.84414758989,270
"46054",3725.130396,345.990095627064,300
"46055",6059.997463,296.101468859317,490
