"labID","age","error","depth"
"263323",251.68863885,164.935068008455,1
"263324",305.87859775,189.093694003142,5
"263325",585.030718000001,249.660062934685,15
"263326",810.555042000004,241.432729098896,21
"263327",1693.48060799999,297.218823285095,45
