"labID","age","error","depth"
"47824",2306.585068,325.518221329562,110
"47825",3140.732769,321.219482268031,125
"47826",3294.16144,327.646928826797,130
"47827",3456.807633,338.012885764225,135
"47828",3625.777627,344.565837335718,140
"47829",5070.45449,358.266247600255,190
"47830",5799.344196,337.944240139456,210
