"labID","age","error","depth"
"38401",7407.02791,268.758440727205,550
"38402",8097.8391,258.718242101955,580
