"labID","age","error","depth"
"332396",574.214657999996,248.5016974973,20
"332397",700.429395000001,249.056107927264,24
"332398",977.704972999999,237.04447766645,34
"332399",1081.264688,246.120937613549,38
"332400",1256.398945,268.361813546467,44
"332401",1322.057671,275.110327386568,46
"332402",1859.047372,309.064258701317,50
"332403",2414.144578,325.818702607797,54
