"labID","age","error","depth"
"144529",-48.3886628,29.8404590650031,0.5
"144530",140.29922855,84.3246619281457,24.5
