"labID","age","error","depth"
"33257",9245.84592,343.700640019022,465
"33258",10212.08139,371.675331383201,500
