"labID","age","error","depth"
"38584",946.328337999998,236.341149606439,40
"38585",1753.530261,301.344718408883,80
"38586",2205.430536,325.42818691111,100
"38587",2276.150478,325.59703962383,105
"38588",2346.73841,325.933889501522,110
"38589",2641.861421,331.406322382369,130
"38590",2796.094061,333.288351228572,140
"38591",2951.393736,327.225530972925,150
"38592",3099.525399,321.519867438874,160
"38593",3559.324275,342.45320527178,190
