"labID","age","error","depth"
"46136",228.810792,153.10798291416,0.5
"46137",229.87110165,153.780518960401,5
"46138",231.45695615,154.566744936319,10
"46139",232.87908535,155.323741162843,15
"46140",236.0314918,156.866299802753,25
"46141",238.88482735,158.523343755275,30
"46142",242.06276665,160.178607966423,35
"46143",246.0032306,162.139995692123,39
"46144",250.214225750001,164.195388861539,42
"46145",265.3370758,171.785023660576,50
"46146",310.46196605,191.137643095045,60
