"labID","age","error","depth"
"62045",6359.828065,303.892813775159,155.5
"62046",6386.331305,304.816548952204,164
"62047",6414.12110999999,305.330424014754,173
"62048",6435.847645,305.42784108385,180
"62049",6463.157545,305.956331432851,189
"62050",6488.16534,305.503789428428,197
"62051",6515.845145,305.241602795814,206
"62052",6533.567215,305.145727425517,212
"62053",6557.88591,304.571112118415,220
"62054",6581.09352,303.909610451962,227.5
