"labID","age","error","depth"
"536043",9568.36710499999,355.771223684676,161.7
"536045",9972.32005,332.204159557972,169.7
"536044",10467.998755,382.347963357135,177.7
"536046",11245.0601,441.082118138397,185.7
"536048",12191.435575,389.356464499931,192.7
"536047",13173.436965,247.520402114571,201.7
"536050",13952.91758,386.506286512978,209.7
"536051",14727.157015,419.994276932976,217.7
"536052",15391.13638,488.76354076153,225.7
"536049",16599.522,380.767673916708,241.7
