"labID","age","error","depth"
"144533",-49.74215295,29.3015846735884,0.5
"144534",143.2049005,85.6900503283481,78.5
