"labID","age","error","depth"
"27325",6780.21397,297.011966817789,40
"27326",7791.408155,245.110725191183,120
"27327",8020.901485,252.217403867019,140
"27328",9776.323245,331.487035389493,260
"27329",9853.881365,325.790153273478,360
"27330",10037.23259,342.498542620469,380
"27331",10949.9287,391.544524126518,460
"27332",11211.589005,435.972138685274,480
"27333",12077.79097,403.378350064224,550
"27334",13087.06485,245.288321900666,650
