"labID","age","error","depth"
"39787",3005.746688,324.641899528383,80
"39788",3567.523539,342.647762466644,100
"39789",4147.690764,348.152523735327,120
"39790",4637.116615,304.32152534701,140
"39791",5120.485568,369.881781254828,160
"39792",5856.210636,324.880260184679,180
"39793",6377.95863,304.38335517524,200
"39794",6879.217035,291.818062923796,220
"39795",8212.723035,273.550934170439,280
"39796",8730.971985,314.491050070996,300
"39797",9218.357605,340.256764647283,320
