"labID","age","error","depth"
"139933",-19.9935127,26.7016513407621,1
"139934",-40.5081869499999,31.4860989359091,10
"139935",-27.16282905,30.8623062857344,20
"139936",137.7972042,82.4111725156834,30
"139937",166.81273555,105.639226223022,40
"139938",311.97429155,181.945984714305,50
"139939",445.82454275,257.336963319541,60
"139940",742.85385135,384.881230938711,80
"139941",1048.06512,505.571654893834,100
"139942",1372.440474,624.829213046442,120
