"labID","age","error","depth"
"242037",228.60888905,153.02866484491,0
"242038",541.063421999998,246.56485857048,5
"242039",1064.841789,244.169877620499,10
"242040",1658.995031,295.296136514038,15
"242041",2166.826712,324.835947880859,20
"242042",2556.252603,329.164575408775,25
"242043",3814.462763,347.304166127599,30
"242044",4668.016649,302.878201293885,35
"242045",5244.807319,391.598019795817,40
"242046",6006.017938,299.375849163117,45
"242047",6581.862625,303.97721609573,50
