"labID","age","error","depth"
"48909",-18.8360733,25.91379763026,1
"48910",-37.9186809,31.8493423652861,21
"48911",140.56867325,84.6039166392427,41
"48912",198.5242293,128.881136565184,61
"48913",268.4259016,172.671757568989,81
"48914",347.20246645,236.148347846655,101
"48915",439.150303650001,311.172823793373,121
"48916",542.025814,394.080809117342,141
"48917",626.449389649999,462.476270407164,156
