"labID","age","error","depth"
"471401",1043.776,1250.895,72
"471402",1153.433,1318.07395,80
"471406",5201.65,1261.8925,366
"471403",6153.946,541.9375,430
"471404",6292.362,280.866,438
"471405",6463.35,71.2584999999999,458
"471407",6519.14,70.7810000000004,462
"471412",6705.45,165.0455,466
"471411",7772.946,394.371,474
"471413",8638.513,346.8785,482
"471408",8796.151,637.906,490
"471409",8941.319,809.3475,498
"471410",9474.22,1359.344,530
