"labID","age","error","depth"
"47344",-6.5543354,8.13462686923898,1
"47345",-33.20217885,31.4848188483664,10
"47346",-42.52873035,31.2448953298147,20
"47347",135.0438569,80.5248463646664,30
"47348",141.8361421,85.9030222876815,40
"47349",147.1387164,90.5086493621251,50
"47350",157.82909625,99.8364028825047,60
"47351",164.798251,105.540076479092,70
"47352",178.05200815,115.226811064541,80
"47353",194.67795365,125.916633179736,90
