"labID","age","error","depth"
"43273",9702.774045,341.342553696538,160
"43274",9843.531075,325.930302848447,180
