"labID","age","error","depth"
"2170",-7.1212173,10.0397047054212,1
"2171",-36.58713145,31.7376695128424,10
"2172",134.0397484,79.7269452963406,20
"2173",144.91158095,88.0934416217175,30
"2174",167.72994595,107.313477367499,42
