"labID","age","error","depth"
"257450",5163.48473,378.5046696787,480
"257451",6490.32613,305.493707898584,530
"257452",7498.124425,262.684859093079,580
"257453",8052.89092,254.508964392909,610
"257454",8245.219455,278.592439915836,620
"257455",8896.88165,314.593887357345,650
