"labID","age","error","depth"
"223695",228.94042875,153.252783333693,0
"223696",475.745569249999,237.527239654992,2
"223697",1159.874625,256.282580681687,5
"223698",1976.016181,317.508783646985,8
"223699",2555.73923600001,328.999723420795,11
"223700",3595.575262,343.891102860664,16
"223701",4418.931879,328.813377642647,20
"223702",7848.50353,244.837788695063,23
