"labID","age","error","depth"
"32856",225.69321145,151.099608239727,1
"32857",227.38466085,152.497778713012,10
"32858",229.32124195,153.338566331932,20
"32859",231.1741321,154.244678100584,30
"32860",233.2364563,155.563282598364,40
"32861",235.50992635,156.631812272341,50
"32862",237.27553845,157.768036054829,60
"32863",242.0428885,160.178829069803,80
"32864",244.2455591,161.256384702769,90
"32865",246.544325,162.376031226881,100
