"labID","age","error","depth"
"27412",2697.630855,333.160058228165,60
"27413",4542.520563,314.632707748115,223
"27414",7998.953395,250.220286154341,425
"27415",9206.022405,338.376114126572,575
