"labID","age","error","depth"
"29989",-6.99509234999998,9.64967338766125,1
"29990",-36.1140538499999,31.6899061885205,10
"29991",-27.6665993499999,30.9570400855369,20
"29992",137.57866895,82.1840081052585,30
"29993",143.76706625,86.797994067561,40
"29994",160.02281335,100.545966822199,50
"29995",184.67641585,117.944267705771,60
"29996",216.81655905,134.188628044384,70
"29997",244.76696235,144.651931830459,80
"29998",268.778176,151.68632470661,90
"29999",316.72522505,164.798959385047,110
