"labID","age","error","depth"
"47668",11358.106955,450.258481361861,0
"47669",11531.220135,452.739413590818,10
