"labID","age","error","depth"
"48682",23364.63549,292.42940044973,330
"48683",24022.42209,341.692004198862,360
"48684",24162.14265,333.648055999142,365
