"labID","age","error","depth"
"27045",4854.689186,310.795673709666,455
"27046",5091.656351,363.054189206941,470
"27047",5304.95653,398.520696610655,480
"27048",5549.039733,390.894874257881,490
"27049",6167.445645,296.801167842157,525
"27050",6562.324205,304.657828739884,550
"27051",6853.879915,292.957754307372,570
