"labID","age","error","depth"
"144342",-47.5093881,30.1577177728825,0.5
"144343",141.23064025,85.1211300704427,29.5
