"labID","age","error","depth"
"2510",2732.041677,333.472891501231,220
"2511",3678.629294,345.86137802471,240
"2512",6889.18004500001,291.63005065817,310
"2513",7654.802825,250.47395949326,330
"2514",8393.026295,300.450590503915,350
"2515",10731.37257,370.172975282716,400
