"labID","age","error","depth"
"27225",-7.41338335000001,10.8771663220007,1
"27226",-36.8419843,31.7073290849166,10
"27227",-25.7759724,30.454827426446,20
"27228",138.0791554,82.5916158414565,30
"27229",153.6793687,95.7659040692844,40
"27230",175.19100695,112.271263966495,50
"27231",202.9627903,128.660879729062,60
"27232",228.66284165,139.655642516412,70
"27233",254.32846925,148.621568946215,80
"27234",277.275196799999,155.682088367913,90
"27235",299.8734153,162.45445782797,100
