"labID","age","error","depth"
"137927",-5.59220285,2.45571493001711,0
"137928",-36.93834765,31.7571762932769,10
"137929",134.8405319,80.3174673913487,22
"137930",135.8466526,80.8662618840776,24
"137931",137.477966,81.9310750167718,26
"137932",242.7563433,146.277544781838,36
