"labID","age","error","depth"
"61583",252.06396655,165.375531494716,0
"61584",384.66519695,216.453166352422,10
"61585",646.933463999999,250.675432867145,20
"61586",919.07065,236.11427524088,30
"61587",1169.024655,257.466097224322,40
"61588",1479.036847,286.029195691632,50
"61589",1802.63715599999,304.853885706119,60
"61590",2132.628414,324.322602941885,70
"61591",2472.674878,326.562772334713,80
"61592",2835.752347,332.065435398554,90
