"labID","age","error","depth"
"26323",9537.41398500001,357.54587690319,100
"26324",10007.79286,337.396727413851,200
