"labID","age","error","depth"
"238605",283.13683115,179.783132026848,5
"238606",372.85028025,212.798198389007,10
"238607",516.4658143,243.830773367108,15
"238608",699.136902999998,248.883798958034,20
"238609",870.088206,237.505982781052,25
"238610",1064.90597,244.351951770871,30
"238611",1342.708973,277.253392090557,35
"238612",1658.420888,295.148767851203,40
"238613",1975.66347,317.368267579113,45
"238614",8897.698015,314.35645223224,60
