"labID","age","error","depth"
"144531",-45.6191172999999,30.7349467891183,0.5
"144532",141.11646425,84.7523590469443,39.5
