"labID","age","error","depth"
"24432",27277.48118,284.857546659947,30
"24433",27878.8003,300.042638212476,40
"24434",28492.68696,319.589689419941,50
"24435",29309.30354,320.220467622888,60
