"labID","age","error","depth"
"45182",13725.149685,332.807834613965,480
"45183",13793.791985,351.187009664469,485
"45184",13864.990985,367.930275006581,490
"45185",13940.569325,384.239082777539,495
"45186",14017.53022,397.375171775758,500
"45187",14094.71222,406.134244958095,505
"45188",14170.53743,409.409639401728,510
"45189",14309.34854,405.38511953074,520
"45190",14431.542685,396.39525460964,530
"45191",14543.315405,393.462357382892,540
