"labID","age","error","depth"
"1837",228.8701395,153.197514495874,0
"1838",495.535979199999,240.673178608406,20
"1839",1784.264308,303.635438741539,70
"1840",2694.19914499999,333.039913982395,100
"1841",3318.661677,329.283432352908,120
