"labID","age","error","depth"
"137933",-6.00162055,5.64424855971877,1
"137934",-36.88365385,31.7228307850707,10
"137935",-27.22871,30.7748037631284,15
"137936",134.31879675,80.0457040898473,20
"137937",136.62394005,81.4175485026029,25
"137938",140.2825457,83.7402065167018,30
"137939",274.061074800001,160.625206805902,40
"137940",400.7149331,229.899647009577,50
