"labID","age","error","depth"
"47613",850.587306999999,238.855222692111,15
"47614",1342.8939,277.606666019118,20
"47615",1943.627247,315.549844182981,25
"47616",3242.306283,324.782724059556,35
"47617",3941.998318,348.577222972558,40
"47618",4565.617823,310.970556735569,45
"47619",5982.967104,301.928660565352,55
"47620",7157.659725,278.051425100666,65
"47622",8839.021035,313.149753417273,80
"47623",11783.87614,437.796050923397,100
