"labID","age","error","depth"
"36288",-7.41009760000004,10.8686591213734,1
"36289",-37.1722476,31.7064897449153,10
"36290",-26.2677245,30.5693749806698,20
"36291",137.8775834,82.4112038724547,30
"36292",143.7134301,86.8501648568555,40
"36293",162.1264651,102.334432492802,50
"36294",189.45281255,120.964517657665,60
"36295",218.96954065,135.363650720062,70
"36296",245.0162025,144.104861675378,80
"36297",270.54918065,152.240368897662,90
"36298",293.5589625,158.498461679426,100
