"labID","age","error","depth"
"27238",946.465703000002,236.571472717604,0
"27239",1062.59388200001,243.989495161255,20
"27240",4523.095732,316.055144710921,440
"27241",4620.486233,305.709659240376,525
"27242",4808.471153,304.540544126364,625
"27243",5865.065033,321.983106778631,740
"27244",6288.328515,301.594706555437,780
"27245",6714.44907,300.030365953731,820
"27246",6859.048305,293.293424104006,835
"27247",6950.590495,288.060366797346,845
"27248",7175.958205,277.408515593252,870
