"labID","age","error","depth"
"62039",1258.528243,268.672438663167,143.5
"62040",1258.335252,268.510232922027,146
"62041",1258.627623,268.285681264531,152
"62042",1258.356816,268.909535187363,160
