"labID","age","error","depth"
"27211",2711.905602,332.653220064355,0
"27212",2852.08127799999,331.721187781001,5
"27213",3536.226703,341.599138422099,30
"27214",4104.659896,348.80762987931,50
"27215",5392.522819,401.464739810625,100
"27216",7009.586105,284.738349615677,160
"27217",7685.301685,248.572178852141,190
"27218",8322.354725,290.861619323775,220
"27219",9053.39397,322.621158717239,250
"27220",10164.01198,364.578187819509,290
