"labID","age","error","depth"
"37069",242.75790855,160.289485864255,1.5
"37070",327.7700435,197.739352194076,5.5
"37071",539.307783000002,246.074791357067,10.5
"37072",820.504818000002,240.426261484816,15.5
"37073",1059.90298500001,243.791217982208,20.5
"37074",1336.053516,276.61039041828,25.5
"37075",1651.27084,294.426868687077,30.5
"37076",1967.251037,316.94700899808,35.5
"37077",2228.53267,325.891052748687,39.5
