"labID","age","error","depth"
"477358",-49.26316,266,2
"477360",-31.78947,266,4
"477357",-14.31579,266,6
"477359",3.157895,266,8
"477375",20.63158,266,10
"477373",38.10526,266,12
"477372",55.57895,266,14
"477374",73.05264,266,16
"477371",90.52631,266,18
"477376",108,266,20
"477361",128.2,266,22
"477362",148.4,266,24
"477363",168.6,266,26
"477364",188.8,266,28
"477365",209,266,30
"477366",229.2,266,32
"477368",249.4,266,34
"477367",269.6,266,36
"477369",289.8,266,38
"477370",310,266,40
