"labID","age","error","depth"
"27281",4339.545622,336.936929509266,0
"27282",4688.119318,300.860200661513,80
"27283",4768.105467,301.689381152531,100
"27284",5170.152977,379.921509821702,180
"27285",5427.290746,401.090460014084,200
"27286",7352.239405,271.029400890743,420
"27287",8746.323885,313.816781154984,600
"27288",9053.48223,322.169547858631,640
"27289",9436.47986,358.547004269114,760
