"labID","age","error","depth"
"34425",-7.40106929999997,10.8467693789046,1
"34426",-35.2267037,31.6578183105426,10
"34427",-26.4006768,30.6332922992404,20
"34428",137.4845441,82.2070316675812,30
"34429",150.36726915,92.761477484112,40
"34430",172.2782897,110.233740455728,50
"34431",200.3232043,127.121382739615,60
"34432",226.806548350001,138.876677639996,70
"34433",252.9694546,148.02316598005,80
