"labID","age","error","depth"
"47484",3433.955791,336.583811709997,60
"47485",5463.208614,399.189600153273,125
"47486",7600.612525,254.672277831927,200
"47487",9137.84868999999,330.925779559631,260
"47488",10427.56623,383.766476115779,300
"47489",13108.55499,245.407059435409,380
