"labID","age","error","depth"
"32959",22224.43789,328.554310853269,50
"32960",22948.5403,329.649493469577,150
"32961",23521.77375,298.444783133853,235
"32962",24419.20986,326.290081589973,345
"32963",24486.93682,323.938020096639,355
"32964",25293.18944,342.571535635542,460
"32965",25692.01568,279.657386532863,515
"32966",26697.5661,301.246964599642,670
"32967",27182.39316,304.301989124124,790
"32968",28067.20196,293.549407669809,950
