"labID","age","error","depth"
"25923",-7.01297705000009,9.7108353085167,1
"25924",-38.1581107,31.6762949476658,10
"25925",-26.7194211,30.77280362474,20
"25926",139.911364,83.9786762741108,30
"25927",157.483076,99.1837559569155,40
"25928",202.4391019,131.135520478495,50
"25929",223.63068515,143.77695703397,55
